INSERT INTO roles (role_id, role_name, description) VALUES (1, 'Officer', 'Role for Officer');
INSERT INTO roles (role_id, role_name, description) VALUES (2, 'Supervisor', 'Role for Supervisor');
INSERT INTO roles (role_id, role_name, description) VALUES (3, 'Admin', 'Role for Admin');
INSERT INTO locations (location_id, name, address, type) VALUES ('638c050d-81cc-4094-a78a-c46f2b208058', 'South Melissa Field Office', '2441 Henry Fork Apt. 247, Brandontown, MP 12395', 'Field Office');
INSERT INTO locations (location_id, name, address, type) VALUES ('cca31617-d1d0-434e-bbac-550ee146a671', 'Lake Kimberly Field Office', '2173 Lopez Extensions Suite 195, Simsmouth, SD 80053', 'Field Office');
INSERT INTO locations (location_id, name, address, type) VALUES ('e9474a0b-9d5c-432f-8e48-f6790853c73c', 'Christianland Field Office', '126 Torres Walks Apt. 021, Romeroville, MS 25531', 'Field Office');
INSERT INTO locations (location_id, name, address, type) VALUES ('a58f7b93-335a-4303-8e7c-9726de0000a0', 'Taylorhaven Field Office', '464 Mckay Meadow Apt. 515, Jacobville, AR 77874', 'Field Office');
INSERT INTO locations (location_id, name, address, type) VALUES ('66e4be98-cae1-4ea0-9432-28fcbf0b6c31', 'Suarezhaven Field Office', 'USNV Burgess, FPO AE 84309', 'Field Office');
INSERT INTO users (user_id, username, email, password_hash, role_id) VALUES ('7581e922-c994-40a2-891e-c4906d040983', 'djohnson', 'justinnewton@example.org', 'hash123', 1);
INSERT INTO officers (officer_id, user_id, location_id, badge_number, first_name, last_name) VALUES ('22354751-9cf6-4215-9e7f-adb956fe8947', '7581e922-c994-40a2-891e-c4906d040983', '66e4be98-cae1-4ea0-9432-28fcbf0b6c31', 'PO-9611', 'Jonathan', 'Swanson');
INSERT INTO users (user_id, username, email, password_hash, role_id) VALUES ('7ee84d95-ebec-4c82-83fa-7d3db393e9ed', 'michaelgary', 'vaughnwayne@example.net', 'hash123', 1);
INSERT INTO officers (officer_id, user_id, location_id, badge_number, first_name, last_name) VALUES ('e393e261-1577-474f-ae14-bfb7d3a9cd75', '7ee84d95-ebec-4c82-83fa-7d3db393e9ed', '66e4be98-cae1-4ea0-9432-28fcbf0b6c31', 'PO-3698', 'Courtney', 'Welch');
INSERT INTO users (user_id, username, email, password_hash, role_id) VALUES ('f2e01fdb-3aab-4365-9eba-8f09b39e4ab3', 'uduran', 'robincampbell@example.net', 'hash123', 1);
INSERT INTO officers (officer_id, user_id, location_id, badge_number, first_name, last_name) VALUES ('6e8731e4-ad47-4136-b283-1e9868d3707e', 'f2e01fdb-3aab-4365-9eba-8f09b39e4ab3', 'cca31617-d1d0-434e-bbac-550ee146a671', 'PO-4202', 'Mitchell', 'Bernard');
INSERT INTO users (user_id, username, email, password_hash, role_id) VALUES ('4c35c8c6-7417-44ba-aea1-39a3fe131a02', 'mccarthyabigail', 'justinjones@example.org', 'hash123', 1);
INSERT INTO officers (officer_id, user_id, location_id, badge_number, first_name, last_name) VALUES ('b3c7e1c6-ac05-40ac-b897-411694b2c4f8', '4c35c8c6-7417-44ba-aea1-39a3fe131a02', '66e4be98-cae1-4ea0-9432-28fcbf0b6c31', 'PO-1011', 'Fernando', 'Jones');
INSERT INTO users (user_id, username, email, password_hash, role_id) VALUES ('29c25c55-4ce2-4580-85f1-02edbe06daa0', 'simmonsdiana', 'john93@example.org', 'hash123', 1);
INSERT INTO officers (officer_id, user_id, location_id, badge_number, first_name, last_name) VALUES ('1e37d592-f0bd-4726-9987-8ad1a4a4fff1', '29c25c55-4ce2-4580-85f1-02edbe06daa0', '66e4be98-cae1-4ea0-9432-28fcbf0b6c31', 'PO-6679', 'Michael', 'Kelly');
INSERT INTO users (user_id, username, email, password_hash, role_id) VALUES ('778b27f0-55fa-4c54-9494-858b87edc8d1', 'johnsontheresa', 'nmcdonald@example.net', 'hash123', 1);
INSERT INTO officers (officer_id, user_id, location_id, badge_number, first_name, last_name) VALUES ('592b8e3c-efd6-434c-b7cc-4d1b5dce2ad2', '778b27f0-55fa-4c54-9494-858b87edc8d1', '638c050d-81cc-4094-a78a-c46f2b208058', 'PO-3939', 'Michele', 'Young');
INSERT INTO users (user_id, username, email, password_hash, role_id) VALUES ('0802eac8-56c4-4352-85f8-5ca127ece6c2', 'belljessica', 'gary22@example.com', 'hash123', 1);
INSERT INTO officers (officer_id, user_id, location_id, badge_number, first_name, last_name) VALUES ('c4065501-3305-4fc7-a307-461336604c81', '0802eac8-56c4-4352-85f8-5ca127ece6c2', 'cca31617-d1d0-434e-bbac-550ee146a671', 'PO-7736', 'Angela', 'Gibson');
INSERT INTO users (user_id, username, email, password_hash, role_id) VALUES ('4972e5d8-8931-4397-bbb5-b7935c5c5e88', 'znelson', 'cheryl38@example.org', 'hash123', 1);
INSERT INTO officers (officer_id, user_id, location_id, badge_number, first_name, last_name) VALUES ('ad8a8765-7a3e-4189-a939-82cc776bc3e6', '4972e5d8-8931-4397-bbb5-b7935c5c5e88', 'a58f7b93-335a-4303-8e7c-9726de0000a0', 'PO-8826', 'Shawn', 'Zhang');
INSERT INTO users (user_id, username, email, password_hash, role_id) VALUES ('c78cf150-1ed0-47e9-87d3-c9131f81d831', 'jacobskimberly', 'harrisamanda@example.com', 'hash123', 1);
INSERT INTO officers (officer_id, user_id, location_id, badge_number, first_name, last_name) VALUES ('93ba2a61-c3b2-43d0-a688-b4f2efad15d7', 'c78cf150-1ed0-47e9-87d3-c9131f81d831', 'a58f7b93-335a-4303-8e7c-9726de0000a0', 'PO-2525', 'Troy', 'Thompson');
INSERT INTO users (user_id, username, email, password_hash, role_id) VALUES ('f01abd03-c2ce-4b84-95d5-2e7929f846df', 'katherinemiranda', 'ygould@example.net', 'hash123', 1);
INSERT INTO officers (officer_id, user_id, location_id, badge_number, first_name, last_name) VALUES ('d06e95db-cbf4-4632-9def-11c4a90a31fd', 'f01abd03-c2ce-4b84-95d5-2e7929f846df', '66e4be98-cae1-4ea0-9432-28fcbf0b6c31', 'PO-4405', 'Steven', 'Guerrero');
INSERT INTO offenders (offender_id, badge_id, first_name, last_name, dob) VALUES ('53ba8d0d-7bf0-4bd5-8e66-75147ff3e8ee', 'DOC-61744', 'Toni', 'Malone', '1960-01-23');
INSERT INTO supervision_episodes (episode_id, offender_id, assigned_officer_id, start_date, status, risk_level_at_start) VALUES ('900382a2-85aa-4af3-9631-1d25610deffe', '53ba8d0d-7bf0-4bd5-8e66-75147ff3e8ee', 'c4065501-3305-4fc7-a307-461336604c81', '2024-07-24', 'Closed', 'High');
INSERT INTO offenders (offender_id, badge_id, first_name, last_name, dob) VALUES ('e556b6e2-6878-49dc-9c3f-2fe07341a0e8', 'DOC-16611', 'Zachary', 'Johnson', '2003-07-29');
INSERT INTO supervision_episodes (episode_id, offender_id, assigned_officer_id, start_date, status, risk_level_at_start) VALUES ('6c5061c8-dcd5-4697-870c-caa2f15ee27b', 'e556b6e2-6878-49dc-9c3f-2fe07341a0e8', '592b8e3c-efd6-434c-b7cc-4d1b5dce2ad2', '2023-12-15', 'Active', 'High');
INSERT INTO offenders (offender_id, badge_id, first_name, last_name, dob) VALUES ('fabf4461-271f-4ae3-8a79-089cb396f4eb', 'DOC-96399', 'Brandy', 'Dennis', '1973-02-22');
INSERT INTO supervision_episodes (episode_id, offender_id, assigned_officer_id, start_date, status, risk_level_at_start) VALUES ('626db3a7-fa19-47ff-a043-2ed049cf1478', 'fabf4461-271f-4ae3-8a79-089cb396f4eb', '592b8e3c-efd6-434c-b7cc-4d1b5dce2ad2', '2024-01-18', 'Active', 'Medium');
INSERT INTO offenders (offender_id, badge_id, first_name, last_name, dob) VALUES ('3de2c5fe-a5d2-4e46-b709-e113b1de08e4', 'DOC-94604', 'Mary', 'Atkinson', '1999-11-14');
INSERT INTO supervision_episodes (episode_id, offender_id, assigned_officer_id, start_date, status, risk_level_at_start) VALUES ('6755d8e2-7f1a-411a-b2a2-3105d45a70d4', '3de2c5fe-a5d2-4e46-b709-e113b1de08e4', 'd06e95db-cbf4-4632-9def-11c4a90a31fd', '2023-12-17', 'Closed', 'Medium');
INSERT INTO offenders (offender_id, badge_id, first_name, last_name, dob) VALUES ('747a5d30-406d-4fb0-81f6-960b481e1bd8', 'DOC-28183', 'David', 'James', '1978-07-28');
INSERT INTO supervision_episodes (episode_id, offender_id, assigned_officer_id, start_date, status, risk_level_at_start) VALUES ('9190430c-779f-4245-b8bb-40cc447e1d69', '747a5d30-406d-4fb0-81f6-960b481e1bd8', '1e37d592-f0bd-4726-9987-8ad1a4a4fff1', '2025-08-06', 'Active', 'Low');
INSERT INTO offenders (offender_id, badge_id, first_name, last_name, dob) VALUES ('0bce0812-4782-4029-92f9-3fd8d3b4e024', 'DOC-70230', 'Travis', 'Wells', '1983-01-14');
INSERT INTO supervision_episodes (episode_id, offender_id, assigned_officer_id, start_date, status, risk_level_at_start) VALUES ('1202f124-a2d3-4b3c-9fc6-7f05c7c71faf', '0bce0812-4782-4029-92f9-3fd8d3b4e024', 'd06e95db-cbf4-4632-9def-11c4a90a31fd', '2024-01-09', 'Closed', 'High');
INSERT INTO offenders (offender_id, badge_id, first_name, last_name, dob) VALUES ('0e0f234b-50f8-4df1-bb35-2b7b361e5f9f', 'DOC-52518', 'Kevin', 'Mahoney', '1969-04-14');
INSERT INTO supervision_episodes (episode_id, offender_id, assigned_officer_id, start_date, status, risk_level_at_start) VALUES ('b5f801e5-0a56-439d-ac8a-d1b58b64d770', '0e0f234b-50f8-4df1-bb35-2b7b361e5f9f', 'c4065501-3305-4fc7-a307-461336604c81', '2024-05-25', 'Active', 'High');
INSERT INTO offenders (offender_id, badge_id, first_name, last_name, dob) VALUES ('aceb1bd4-cc95-4482-a31e-19ea93d126a3', 'DOC-20461', 'Ashley', 'Flores', '1994-03-10');
INSERT INTO supervision_episodes (episode_id, offender_id, assigned_officer_id, start_date, status, risk_level_at_start) VALUES ('9a12a225-b112-4054-b6be-7f705b088ceb', 'aceb1bd4-cc95-4482-a31e-19ea93d126a3', 'e393e261-1577-474f-ae14-bfb7d3a9cd75', '2025-10-09', 'Closed', 'Medium');
INSERT INTO offenders (offender_id, badge_id, first_name, last_name, dob) VALUES ('3e9efd1f-eabc-45be-8e6e-74842ae081d1', 'DOC-84280', 'Steven', 'Payne', '2002-05-24');
INSERT INTO supervision_episodes (episode_id, offender_id, assigned_officer_id, start_date, status, risk_level_at_start) VALUES ('b5559cfb-8503-453b-a1e6-d7874bba1996', '3e9efd1f-eabc-45be-8e6e-74842ae081d1', '93ba2a61-c3b2-43d0-a688-b4f2efad15d7', '2025-02-14', 'Active', 'High');
INSERT INTO offenders (offender_id, badge_id, first_name, last_name, dob) VALUES ('a0afd306-d112-4feb-94a7-622ae7b0679d', 'DOC-46704', 'Robert', 'Hess', '1956-06-07');
INSERT INTO supervision_episodes (episode_id, offender_id, assigned_officer_id, start_date, status, risk_level_at_start) VALUES ('a15f04bc-89c0-41e8-bea1-bbc6343856ec', 'a0afd306-d112-4feb-94a7-622ae7b0679d', 'e393e261-1577-474f-ae14-bfb7d3a9cd75', '2025-06-16', 'Closed', 'High');
INSERT INTO offenders (offender_id, badge_id, first_name, last_name, dob) VALUES ('274c2f1b-5060-4525-8832-aa9b37a35374', 'DOC-61866', 'Susan', 'Paul', '1970-07-19');
INSERT INTO supervision_episodes (episode_id, offender_id, assigned_officer_id, start_date, status, risk_level_at_start) VALUES ('ec9f1adc-d148-405d-92c2-78808feaf18e', '274c2f1b-5060-4525-8832-aa9b37a35374', 'ad8a8765-7a3e-4189-a939-82cc776bc3e6', '2025-08-03', 'Closed', 'Low');
INSERT INTO offenders (offender_id, badge_id, first_name, last_name, dob) VALUES ('0500d3b1-8e07-4be5-8e22-88b0ccf6805f', 'DOC-46041', 'Lisa', 'Kirk', '1998-07-03');
INSERT INTO supervision_episodes (episode_id, offender_id, assigned_officer_id, start_date, status, risk_level_at_start) VALUES ('36c60d44-9e26-4af3-8fbc-7579fb09c4dd', '0500d3b1-8e07-4be5-8e22-88b0ccf6805f', '6e8731e4-ad47-4136-b283-1e9868d3707e', '2025-01-31', 'Active', 'High');
INSERT INTO offenders (offender_id, badge_id, first_name, last_name, dob) VALUES ('4e848a07-a189-48e0-b485-996bee1266b1', 'DOC-78380', 'Jennifer', 'Young', '1989-03-15');
INSERT INTO supervision_episodes (episode_id, offender_id, assigned_officer_id, start_date, status, risk_level_at_start) VALUES ('2f5a38a4-6774-4ac7-ac33-aa18c48abe24', '4e848a07-a189-48e0-b485-996bee1266b1', 'd06e95db-cbf4-4632-9def-11c4a90a31fd', '2024-10-10', 'Closed', 'High');
INSERT INTO offenders (offender_id, badge_id, first_name, last_name, dob) VALUES ('55b70d81-7371-4d63-af42-07543cbd40ae', 'DOC-33334', 'Elizabeth', 'Medina', '2001-10-15');
INSERT INTO supervision_episodes (episode_id, offender_id, assigned_officer_id, start_date, status, risk_level_at_start) VALUES ('442c0579-bd9d-4aa5-bde8-c555bc04e335', '55b70d81-7371-4d63-af42-07543cbd40ae', 'e393e261-1577-474f-ae14-bfb7d3a9cd75', '2025-11-19', 'Closed', 'High');
INSERT INTO offenders (offender_id, badge_id, first_name, last_name, dob) VALUES ('2cfd5407-a558-4b44-ba66-2f48d9278cdd', 'DOC-66167', 'Thomas', 'Osborne', '1993-04-09');
INSERT INTO supervision_episodes (episode_id, offender_id, assigned_officer_id, start_date, status, risk_level_at_start) VALUES ('7feaf234-bc06-443c-a0f9-ac9241c1cf5f', '2cfd5407-a558-4b44-ba66-2f48d9278cdd', 'd06e95db-cbf4-4632-9def-11c4a90a31fd', '2025-12-03', 'Closed', 'Medium');
INSERT INTO offenders (offender_id, badge_id, first_name, last_name, dob) VALUES ('5d3e5bb1-7db3-4f1e-9139-0f9e95226598', 'DOC-52496', 'Carol', 'Thompson', '1976-04-10');
INSERT INTO supervision_episodes (episode_id, offender_id, assigned_officer_id, start_date, status, risk_level_at_start) VALUES ('e34962aa-c67a-4123-b037-a1cce4058c92', '5d3e5bb1-7db3-4f1e-9139-0f9e95226598', '1e37d592-f0bd-4726-9987-8ad1a4a4fff1', '2024-09-10', 'Active', 'Medium');
INSERT INTO offenders (offender_id, badge_id, first_name, last_name, dob) VALUES ('843aed24-162d-4f1a-a254-d4b00c966c9c', 'DOC-40617', 'Daniel', 'Russell', '1998-04-07');
INSERT INTO supervision_episodes (episode_id, offender_id, assigned_officer_id, start_date, status, risk_level_at_start) VALUES ('e009cca7-bc36-466c-81ee-ca0ab6f8f454', '843aed24-162d-4f1a-a254-d4b00c966c9c', 'd06e95db-cbf4-4632-9def-11c4a90a31fd', '2025-05-08', 'Active', 'Medium');
INSERT INTO offenders (offender_id, badge_id, first_name, last_name, dob) VALUES ('764ff5e6-c4b1-4db1-9207-177cd64b5076', 'DOC-57962', 'Bryan', 'Castaneda', '1984-08-25');
INSERT INTO supervision_episodes (episode_id, offender_id, assigned_officer_id, start_date, status, risk_level_at_start) VALUES ('58d3d1b7-1a97-4bd0-8a89-fa90e25c8622', '764ff5e6-c4b1-4db1-9207-177cd64b5076', 'c4065501-3305-4fc7-a307-461336604c81', '2024-01-17', 'Active', 'Low');
INSERT INTO offenders (offender_id, badge_id, first_name, last_name, dob) VALUES ('41f7343e-12e0-435e-9eb0-10a1cc77b398', 'DOC-99160', 'Jeff', 'Hall', '1967-07-10');
INSERT INTO supervision_episodes (episode_id, offender_id, assigned_officer_id, start_date, status, risk_level_at_start) VALUES ('53a2df83-174e-4a8c-b26e-3fd082c3b5fb', '41f7343e-12e0-435e-9eb0-10a1cc77b398', 'ad8a8765-7a3e-4189-a939-82cc776bc3e6', '2024-03-20', 'Active', 'Medium');
INSERT INTO offenders (offender_id, badge_id, first_name, last_name, dob) VALUES ('0ad43dc1-a193-46d3-8fff-473d4ff8a49e', 'DOC-61996', 'Suzanne', 'Martin', '1979-11-03');
INSERT INTO supervision_episodes (episode_id, offender_id, assigned_officer_id, start_date, status, risk_level_at_start) VALUES ('e1cf6bde-9d59-44f0-97ef-0e712a6a787d', '0ad43dc1-a193-46d3-8fff-473d4ff8a49e', '22354751-9cf6-4215-9e7f-adb956fe8947', '2025-10-11', 'Active', 'High');
INSERT INTO offenders (offender_id, badge_id, first_name, last_name, dob) VALUES ('c6ed88b3-7504-4e4b-97b6-ace5e73cbf57', 'DOC-31244', 'Desiree', 'Edwards', '2000-12-07');
INSERT INTO supervision_episodes (episode_id, offender_id, assigned_officer_id, start_date, status, risk_level_at_start) VALUES ('0f3fd814-ed4a-4ebc-befb-cabbeb44cbb6', 'c6ed88b3-7504-4e4b-97b6-ace5e73cbf57', 'ad8a8765-7a3e-4189-a939-82cc776bc3e6', '2025-07-17', 'Active', 'Medium');
INSERT INTO offenders (offender_id, badge_id, first_name, last_name, dob) VALUES ('8b556d25-ca73-49d1-8ede-ac6ef66eb8e5', 'DOC-80578', 'Thomas', 'Bishop', '1966-03-14');
INSERT INTO supervision_episodes (episode_id, offender_id, assigned_officer_id, start_date, status, risk_level_at_start) VALUES ('e04c77f5-eb76-4825-a70b-c5ccabcc514b', '8b556d25-ca73-49d1-8ede-ac6ef66eb8e5', '6e8731e4-ad47-4136-b283-1e9868d3707e', '2024-08-31', 'Active', 'High');
INSERT INTO offenders (offender_id, badge_id, first_name, last_name, dob) VALUES ('16c22b22-c7f9-4405-ae96-1da2c76462c8', 'DOC-65846', 'Jasmine', 'Briggs', '1972-01-29');
INSERT INTO supervision_episodes (episode_id, offender_id, assigned_officer_id, start_date, status, risk_level_at_start) VALUES ('cbb7ab48-49e2-47d7-b05a-a425fc19f3cf', '16c22b22-c7f9-4405-ae96-1da2c76462c8', 'ad8a8765-7a3e-4189-a939-82cc776bc3e6', '2025-03-31', 'Closed', 'Low');
INSERT INTO offenders (offender_id, badge_id, first_name, last_name, dob) VALUES ('586279e0-0ed7-4f3e-9bb6-e3bbfb8e7b9a', 'DOC-45624', 'John', 'Morrison', '1956-01-07');
INSERT INTO supervision_episodes (episode_id, offender_id, assigned_officer_id, start_date, status, risk_level_at_start) VALUES ('4cad08c0-da0f-4c32-84aa-c1da7225d28c', '586279e0-0ed7-4f3e-9bb6-e3bbfb8e7b9a', '1e37d592-f0bd-4726-9987-8ad1a4a4fff1', '2024-06-30', 'Active', 'High');
INSERT INTO offenders (offender_id, badge_id, first_name, last_name, dob) VALUES ('653dc294-76a6-46bb-ab25-b8eeedcf632b', 'DOC-77427', 'Randy', 'York', '1999-06-17');
INSERT INTO supervision_episodes (episode_id, offender_id, assigned_officer_id, start_date, status, risk_level_at_start) VALUES ('9b345995-78c6-48a4-9539-e8fde416aeb0', '653dc294-76a6-46bb-ab25-b8eeedcf632b', '93ba2a61-c3b2-43d0-a688-b4f2efad15d7', '2025-09-20', 'Active', 'Low');
INSERT INTO offenders (offender_id, badge_id, first_name, last_name, dob) VALUES ('0b304bb5-9e47-4599-8912-2480cdfcbeac', 'DOC-56239', 'Rebecca', 'Velez', '1971-05-25');
INSERT INTO supervision_episodes (episode_id, offender_id, assigned_officer_id, start_date, status, risk_level_at_start) VALUES ('1322a9fc-30e0-4d8f-97f8-75be65fca894', '0b304bb5-9e47-4599-8912-2480cdfcbeac', 'c4065501-3305-4fc7-a307-461336604c81', '2024-08-23', 'Closed', 'Medium');
INSERT INTO offenders (offender_id, badge_id, first_name, last_name, dob) VALUES ('40adeabd-9b0d-49b4-af89-9cbab1e6c60a', 'DOC-59498', 'Louis', 'Duncan', '2001-03-14');
INSERT INTO supervision_episodes (episode_id, offender_id, assigned_officer_id, start_date, status, risk_level_at_start) VALUES ('2f11ff08-e5f5-42da-93ff-211b4ec64eab', '40adeabd-9b0d-49b4-af89-9cbab1e6c60a', '1e37d592-f0bd-4726-9987-8ad1a4a4fff1', '2025-07-15', 'Closed', 'Low');
INSERT INTO offenders (offender_id, badge_id, first_name, last_name, dob) VALUES ('cf428222-d40b-4c1b-9d22-2eb79a3683e4', 'DOC-29423', 'Katherine', 'Lutz', '1997-03-03');
INSERT INTO supervision_episodes (episode_id, offender_id, assigned_officer_id, start_date, status, risk_level_at_start) VALUES ('c37b902d-2353-47ee-86aa-f1384e43bb1c', 'cf428222-d40b-4c1b-9d22-2eb79a3683e4', '93ba2a61-c3b2-43d0-a688-b4f2efad15d7', '2024-05-14', 'Active', 'High');
INSERT INTO offenders (offender_id, badge_id, first_name, last_name, dob) VALUES ('bb7153e7-f0f2-4d54-8683-e8abd58f687c', 'DOC-30934', 'Lee', 'Knight', '1987-01-02');
INSERT INTO supervision_episodes (episode_id, offender_id, assigned_officer_id, start_date, status, risk_level_at_start) VALUES ('8b486da3-8566-4be6-856d-089357755056', 'bb7153e7-f0f2-4d54-8683-e8abd58f687c', '592b8e3c-efd6-434c-b7cc-4d1b5dce2ad2', '2025-08-09', 'Active', 'Medium');
INSERT INTO offenders (offender_id, badge_id, first_name, last_name, dob) VALUES ('6ddbf04c-1c64-4f01-a791-8dd35a3a3671', 'DOC-16746', 'Rhonda', 'Thompson', '1995-02-16');
INSERT INTO supervision_episodes (episode_id, offender_id, assigned_officer_id, start_date, status, risk_level_at_start) VALUES ('2c6e3a46-2bb5-4923-a1f4-8f00e2233c31', '6ddbf04c-1c64-4f01-a791-8dd35a3a3671', 'ad8a8765-7a3e-4189-a939-82cc776bc3e6', '2024-10-19', 'Active', 'High');
INSERT INTO offenders (offender_id, badge_id, first_name, last_name, dob) VALUES ('7c8769a8-2400-4b6b-8886-7ccea9dfbae6', 'DOC-90961', 'Jesus', 'Grant', '1974-12-09');
INSERT INTO supervision_episodes (episode_id, offender_id, assigned_officer_id, start_date, status, risk_level_at_start) VALUES ('e8a7f9f4-76b1-4db9-b32c-684f3a412d9b', '7c8769a8-2400-4b6b-8886-7ccea9dfbae6', '592b8e3c-efd6-434c-b7cc-4d1b5dce2ad2', '2025-09-09', 'Active', 'High');
INSERT INTO offenders (offender_id, badge_id, first_name, last_name, dob) VALUES ('15e17c26-4c00-4cb2-bf41-5e86d17d6734', 'DOC-10007', 'Amy', 'Rodriguez', '1963-05-24');
INSERT INTO supervision_episodes (episode_id, offender_id, assigned_officer_id, start_date, status, risk_level_at_start) VALUES ('01c80ed0-a751-4218-9174-a75a774cbb06', '15e17c26-4c00-4cb2-bf41-5e86d17d6734', 'c4065501-3305-4fc7-a307-461336604c81', '2024-09-12', 'Active', 'Medium');
INSERT INTO offenders (offender_id, badge_id, first_name, last_name, dob) VALUES ('40d401f4-b084-4b48-90c2-c45ea5acae29', 'DOC-55819', 'Matthew', 'Smith', '1990-10-14');
INSERT INTO supervision_episodes (episode_id, offender_id, assigned_officer_id, start_date, status, risk_level_at_start) VALUES ('2ba68f6d-f5dd-4eb5-930d-002a7088f6a5', '40d401f4-b084-4b48-90c2-c45ea5acae29', '592b8e3c-efd6-434c-b7cc-4d1b5dce2ad2', '2025-01-28', 'Active', 'Medium');
INSERT INTO offenders (offender_id, badge_id, first_name, last_name, dob) VALUES ('bc180ac2-75b5-44ce-9a8c-c876daa5ba09', 'DOC-42018', 'Allison', 'Austin', '2004-02-05');
INSERT INTO supervision_episodes (episode_id, offender_id, assigned_officer_id, start_date, status, risk_level_at_start) VALUES ('5957ea4d-14b3-4670-b03d-3168b2a964ec', 'bc180ac2-75b5-44ce-9a8c-c876daa5ba09', '1e37d592-f0bd-4726-9987-8ad1a4a4fff1', '2024-09-18', 'Active', 'High');
INSERT INTO offenders (offender_id, badge_id, first_name, last_name, dob) VALUES ('44424249-4347-4f04-ba93-f70950d97055', 'DOC-26258', 'Benjamin', 'Thompson', '1997-11-06');
INSERT INTO supervision_episodes (episode_id, offender_id, assigned_officer_id, start_date, status, risk_level_at_start) VALUES ('50185def-8836-42ee-9e86-b54dd249c680', '44424249-4347-4f04-ba93-f70950d97055', 'b3c7e1c6-ac05-40ac-b897-411694b2c4f8', '2024-06-21', 'Active', 'High');
INSERT INTO offenders (offender_id, badge_id, first_name, last_name, dob) VALUES ('d9f300d0-7a45-4761-ad61-92ad1b3f1b1b', 'DOC-94141', 'Samuel', 'Day', '1993-05-30');
INSERT INTO supervision_episodes (episode_id, offender_id, assigned_officer_id, start_date, status, risk_level_at_start) VALUES ('4806f8d1-e59a-488f-b331-5e99e6c7a4ff', 'd9f300d0-7a45-4761-ad61-92ad1b3f1b1b', '592b8e3c-efd6-434c-b7cc-4d1b5dce2ad2', '2024-05-14', 'Active', 'High');
INSERT INTO offenders (offender_id, badge_id, first_name, last_name, dob) VALUES ('8c8e4a03-d536-45a8-bbdf-b35caa3fe416', 'DOC-84573', 'Latoya', 'Warren', '1961-05-07');
INSERT INTO supervision_episodes (episode_id, offender_id, assigned_officer_id, start_date, status, risk_level_at_start) VALUES ('055d7a27-e09c-4fef-8a93-f48c9f327458', '8c8e4a03-d536-45a8-bbdf-b35caa3fe416', '1e37d592-f0bd-4726-9987-8ad1a4a4fff1', '2025-11-21', 'Active', 'Low');
INSERT INTO offenders (offender_id, badge_id, first_name, last_name, dob) VALUES ('c29c02c6-4c5a-4159-b7f8-abd3d28645f4', 'DOC-17756', 'Ashley', 'Williamson', '2007-11-06');
INSERT INTO supervision_episodes (episode_id, offender_id, assigned_officer_id, start_date, status, risk_level_at_start) VALUES ('1856cfd4-58e9-46ca-b06b-31fe496a90d6', 'c29c02c6-4c5a-4159-b7f8-abd3d28645f4', 'c4065501-3305-4fc7-a307-461336604c81', '2025-01-29', 'Active', 'Medium');
INSERT INTO offenders (offender_id, badge_id, first_name, last_name, dob) VALUES ('42ae9c5c-b10e-4092-a59d-02654a82ee51', 'DOC-26118', 'Kimberly', 'Jones', '1968-12-01');
INSERT INTO supervision_episodes (episode_id, offender_id, assigned_officer_id, start_date, status, risk_level_at_start) VALUES ('eef4ba76-8607-40dc-adc0-80db247662dc', '42ae9c5c-b10e-4092-a59d-02654a82ee51', '1e37d592-f0bd-4726-9987-8ad1a4a4fff1', '2024-06-11', 'Active', 'Medium');
INSERT INTO offenders (offender_id, badge_id, first_name, last_name, dob) VALUES ('ef3c210d-ee90-4275-b36c-4cffaad28b65', 'DOC-91922', 'Laura', 'Franco', '1970-08-10');
INSERT INTO supervision_episodes (episode_id, offender_id, assigned_officer_id, start_date, status, risk_level_at_start) VALUES ('7d24de95-8464-4bef-ac9e-988a0d7dbd3d', 'ef3c210d-ee90-4275-b36c-4cffaad28b65', 'd06e95db-cbf4-4632-9def-11c4a90a31fd', '2024-10-09', 'Active', 'High');
INSERT INTO offenders (offender_id, badge_id, first_name, last_name, dob) VALUES ('d70c2b1f-fba0-4234-8757-6cc962beed5c', 'DOC-55544', 'Wendy', 'Stewart', '1957-03-04');
INSERT INTO supervision_episodes (episode_id, offender_id, assigned_officer_id, start_date, status, risk_level_at_start) VALUES ('e7fa7adf-f891-4e19-95b3-78996c9db738', 'd70c2b1f-fba0-4234-8757-6cc962beed5c', '6e8731e4-ad47-4136-b283-1e9868d3707e', '2025-03-26', 'Active', 'High');
INSERT INTO offenders (offender_id, badge_id, first_name, last_name, dob) VALUES ('9d23dc86-2a38-4835-9933-d90e1e37fcd6', 'DOC-12151', 'Gary', 'Hill', '1967-07-27');
INSERT INTO supervision_episodes (episode_id, offender_id, assigned_officer_id, start_date, status, risk_level_at_start) VALUES ('14c19d1b-1891-4456-91a2-5f4c49d89444', '9d23dc86-2a38-4835-9933-d90e1e37fcd6', '93ba2a61-c3b2-43d0-a688-b4f2efad15d7', '2024-05-19', 'Active', 'High');
INSERT INTO offenders (offender_id, badge_id, first_name, last_name, dob) VALUES ('9c391a84-5af5-453c-8e86-e20e053313c4', 'DOC-19117', 'Dawn', 'Ray', '1981-03-01');
INSERT INTO supervision_episodes (episode_id, offender_id, assigned_officer_id, start_date, status, risk_level_at_start) VALUES ('6065cecc-3994-4689-aebe-bbdba200f411', '9c391a84-5af5-453c-8e86-e20e053313c4', 'ad8a8765-7a3e-4189-a939-82cc776bc3e6', '2024-09-27', 'Active', 'Medium');
INSERT INTO offenders (offender_id, badge_id, first_name, last_name, dob) VALUES ('7feb8830-2874-4704-99fa-68a450648ef8', 'DOC-76620', 'Karen', 'Norris', '2000-12-27');
INSERT INTO supervision_episodes (episode_id, offender_id, assigned_officer_id, start_date, status, risk_level_at_start) VALUES ('257f96bf-a472-4124-8cba-28fd862fb68d', '7feb8830-2874-4704-99fa-68a450648ef8', 'e393e261-1577-474f-ae14-bfb7d3a9cd75', '2024-02-29', 'Active', 'High');
INSERT INTO offenders (offender_id, badge_id, first_name, last_name, dob) VALUES ('359ac7da-2288-429a-8cc8-f505d521ac46', 'DOC-61068', 'John', 'Johnson', '1969-12-22');
INSERT INTO supervision_episodes (episode_id, offender_id, assigned_officer_id, start_date, status, risk_level_at_start) VALUES ('b98abb2f-5b02-4230-878d-a71815226aa3', '359ac7da-2288-429a-8cc8-f505d521ac46', 'e393e261-1577-474f-ae14-bfb7d3a9cd75', '2024-12-29', 'Closed', 'High');
INSERT INTO offenders (offender_id, badge_id, first_name, last_name, dob) VALUES ('1cb25b8e-3071-4660-912a-fbd060681195', 'DOC-24207', 'Kendra', 'Johnson', '1960-12-26');
INSERT INTO supervision_episodes (episode_id, offender_id, assigned_officer_id, start_date, status, risk_level_at_start) VALUES ('3ed89d02-d04b-4664-8831-73f8b05fa1b7', '1cb25b8e-3071-4660-912a-fbd060681195', '592b8e3c-efd6-434c-b7cc-4d1b5dce2ad2', '2024-03-08', 'Active', 'High');
INSERT INTO offenders (offender_id, badge_id, first_name, last_name, dob) VALUES ('4d1f53ce-137e-41a6-a3c2-26642a597238', 'DOC-73370', 'Tammy', 'Rivera', '1998-08-22');
INSERT INTO supervision_episodes (episode_id, offender_id, assigned_officer_id, start_date, status, risk_level_at_start) VALUES ('785df11a-db5b-42fe-8c1c-c2f28aab300c', '4d1f53ce-137e-41a6-a3c2-26642a597238', '1e37d592-f0bd-4726-9987-8ad1a4a4fff1', '2024-01-22', 'Closed', 'High');
INSERT INTO offenders (offender_id, badge_id, first_name, last_name, dob) VALUES ('329a38b9-bae9-4599-9dd5-8039ce726a99', 'DOC-42588', 'Michael', 'Guzman', '1981-12-18');
INSERT INTO supervision_episodes (episode_id, offender_id, assigned_officer_id, start_date, status, risk_level_at_start) VALUES ('72369561-6653-4ef6-b1f7-6ac8a21d3fc2', '329a38b9-bae9-4599-9dd5-8039ce726a99', '592b8e3c-efd6-434c-b7cc-4d1b5dce2ad2', '2025-02-20', 'Closed', 'Medium');
INSERT INTO offenders (offender_id, badge_id, first_name, last_name, dob) VALUES ('ffdbf212-b78f-4cc2-a4f8-5eb49955a9cf', 'DOC-20881', 'John', 'Alexander', '1999-09-02');
INSERT INTO supervision_episodes (episode_id, offender_id, assigned_officer_id, start_date, status, risk_level_at_start) VALUES ('c854367f-5523-4667-ac2e-469f11efc1b1', 'ffdbf212-b78f-4cc2-a4f8-5eb49955a9cf', 'd06e95db-cbf4-4632-9def-11c4a90a31fd', '2025-07-04', 'Active', 'Low');
INSERT INTO offenders (offender_id, badge_id, first_name, last_name, dob) VALUES ('c7fd5ab7-3b08-4658-82df-536dc3c0de01', 'DOC-87837', 'Keith', 'Rice', '1964-01-11');
INSERT INTO supervision_episodes (episode_id, offender_id, assigned_officer_id, start_date, status, risk_level_at_start) VALUES ('48c8c47e-623e-4787-a025-96be6f77a523', 'c7fd5ab7-3b08-4658-82df-536dc3c0de01', 'e393e261-1577-474f-ae14-bfb7d3a9cd75', '2024-08-13', 'Active', 'Medium');